Sequence,Entropy,Power1,Position1
TCTTGCTGGTATACT,52.54582603,0.999,1
TTCTGAAGCTCTCAC,51.92258623,0.998,2
TCCTCAAGATCTCTG,51.88096939,0.997,3
TTCTTGAGATGTGGT,51.7718381,0.996,4
CTCTTCAACTAGCTC,51.60629702,0.995,5
TCTTACATATTTGAG,51.2005609,0.994,6
CCTTCATTGTAACAA,51.1737961,0.993,7
CCTTGAGTGAGCTCT,50.80923442,0.992,8
TTTTCCTTGACCTGG,50.74987594,0.991,9
TCTTAATGACACAAC,50.74509129,0.99,10
TCCTGGATGTGACTC,50.74369518,0.989,11
CCTTTACTGCGCTCT,50.61895408,0.988,12
TTTTCGAGCCGCGCG,50.44826949,0.987,13
CCCTAACTCAACTCG,49.88516665,0.986,14
CCCTCCCCTGTCTTC,49.30024882,0.985,15
TTCTCGATCGAAAGT,49.23049503,0.984,16
TCCTCCCCTACAGTA,49.1506285,0.983,17
CCTTGCGCTTCCTCA,49.07070082,0.982,18
TCCTGAGCTCCTGTC,48.76518554,0.981,19
CCTTTCAGGGAATAG,48.31277245,0.98,20
CTTTGGTCCAGGCAC,48.30188192,0.979,21
GATAATTTAAGTCAT,48.09145383,0.978,22
GCTAAGGAACTCTAT,48.00589003,0.977,23
TCCTCCCTCATTGAG,47.57973742,0.976,24
CTCTCCAACACCCCC,47.5045172,0.975,25
CCCTCACTAGTGCTA,47.48813137,0.974,26
TTTTGACCGCATGGC,47.47532185,0.973,27
TTCTTGAGAACATAA,47.46457954,0.972,28
CTCTTGGCCGGTGGG,47.44355957,0.971,29
TTCTCAACCATTGCT,47.26604775,0.97,30
TCCTTGCTAGGGGGG,47.25132443,0.969,31
TCTTTGTCCGTGCAG,47.22885346,0.968,32
TCTTTATTCAGCAGG,47.20203208,0.967,33
TCCTGGTTAGGCAAA,47.17628223,0.966,34
GGTTTGGCCTTGATT,46.65116726,0.965,35
GCTGCAAACCCTCAT,46.00151157,0.964,36
GCTAATGCGCAGATA,43.56479953,0.963,37
TTTAATATAAGGAGG,43.42206435,0.962,38
GTTACGGCCCCCGCC,43.19182261,0.961,39
GTTATGGCACAATCG,42.47408321,0.96,40
GATTTAGATTTATAG,40.97274376,0.959,41
CCGAACGCGCTTCTT,40.91914519,0.958,42
CCGAACGCACACTAA,40.6422896,0.957,43
GATACAGAGTTCCAC,40.55144702,0.956,44
GCTACCCATTACGTA,40.15317386,0.955,45
GGTTTACAGATGGCC,40.03627062,0.954,46
GATAAAGGTTGCCGA,39.40369772,0.953,47
TTTAACCGTCAGAGA,39.29380969,0.952,48
CCTAATAAAGTTGAC,38.92307949,0.951,49
TTTAATAAGATGCGA,38.9052885,0.95,50
CTGGCACACGCCCCA,38.77264704,0.949,51
GCTAACTCATCAGAC,38.03025873,0.948,52
TTGATAGCTATTGTC,37.9882513,0.947,53
GTTAACTCTATCGGA,37.97217353,0.946,54
CCGAGAATTGTCGGG,37.92217212,0.945,55
CCGAGAAGACATTCC,37.84164931,0.944,56
TTGACAAGGAGATGA,37.81237664,0.943,57
CCGGCAACGGACCGT,37.78471935,0.942,58
CTGATAGTGAGCGCG,37.74807816,0.941,59
CCTACGGTGGATCGG,37.69022016,0.94,60
CCTACGCTGGCGGGA,37.57327782,0.939,61
TTTACGACCGCGCCT,37.52101283,0.938,62
CCTAGAACTTAAGTC,37.3623915,0.937,63
TCTTGTCAAAAGACG,37.12229597,0.936,64
TCTAGAGACGACCGT,36.92408289,0.935,65
CCTAAGGCGTTAATC,36.83182766,0.934,66
TCTAAACTTATACGC,36.55550858,0.933,67
TCTATAACGACAACT,36.51511975,0.932,68
TTTATGAAATTTCCT,36.42956992,0.931,69
TTTAAATGTAGATAC,36.40184679,0.93,70
CCTATACTAAAGGGT,36.39425365,0.929,71
TCTTATATTTTTTAT,36.37656964,0.928,72
TCTATCACAGACATG,36.27548048,0.927,73
GATGGGAGGATTTAA,36.2318595,0.926,74
CCCTTCTTTGTCTTA,35.72383554,0.925,75
TTCTGATGTATCTAG,35.66053937,0.924,76
TCCTTACGTGCAGAA,35.61659474,0.923,77
TTCTTCCTTGCCAGC,35.48006903,0.922,78
TTTTAGCGTTAGAGG,35.47773128,0.921,79
CTCTGCATTTCTGTC,35.46511093,0.92,80
CCTTCCATTTCCATC,35.45528191,0.919,81
CCTTCGGTTGTGCTG,35.38232611,0.918,82
CTTTTAAATGTGAGA,35.35206559,0.917,83
TTTTGCATTAATTAT,35.27888197,0.916,84
TTTTTAGATTATCCT,35.14503468,0.915,85
TTGACATGGTAGCGC,35.06993974,0.914,86
CTGACATACCGGACG,34.95514945,0.913,87
GATGTGACGAAAATA,34.42888181,0.912,88
CCTACATTTAACGCC,34.1928559,0.911,89
TCTACCAGCGACATC,34.06736942,0.91,90
TTTACCTTTCCGAGA,34.04428964,0.909,91
CTTACAATAAGCGAA,33.99872106,0.908,92
GTTAATCGTCTATTC,33.76981351,0.907,93
TCGATCGGGAATATC,33.56232754,0.906,94
TCGATCGGTGTCTTA,33.56232754,0.905,95
TCGGGCCTCTCGCCG,33.56232754,0.904,96
TCGGTCATCTCGATA,33.56232754,0.903,97
TTCACCCTCTGAGAT,33.53908844,0.902,98
TTGATCTCGCGTCAT,33.53898948,0.901,99
TTGGGCGGCAATCCT,33.53898948,0.9,100
TTGGTCTGTGTTTGC,33.53898948,0.899,101
CCGAGCGTGGATGCC,33.53260305,0.898,102
CCGGTCGGGCACTAA,33.53260305,0.897,103
CTCACCGCACCGGTA,33.50937882,0.896,104
CTGATCTTAAGGACT,33.50927987,0.895,105
CTGGGCAAAGCGATT,33.50927987,0.894,106
GCTAACACCGCGATC,32.80983287,0.893,107
GCTGACGAAAATCTC,32.70223921,0.892,108
GATGACCACGACGCT,32.48605049,0.891,109
TCGGCTCCTCCTGTT,32.38080278,0.89,110
TTGGGTCCCCTCTCA,32.31683689,0.889,111
TCGGGTAAGTCGTAG,32.21051445,0.888,112
CCGATTTGCCACTTT,32.20656032,0.887,113
TTGGGGGTACATCCC,32.19710208,0.886,114
TCGAGTTTCCTCATG,32.18874946,0.885,115
CTGGGTCTCTTCGGT,32.17582459,0.884,116
CTGAGTAATGAAATA,32.14755142,0.883,117
CCGGTTCACAAGTGC,32.1276883,0.882,118
CCGGGGCAACCGTTG,32.12489186,0.881,119
CCGGTTGATCGTCGC,32.12194176,0.88,120
TCGACTCCTCAGCCC,32.10450285,0.879,121
TTGGCGTACAGTGGG,32.05512389,0.878,122
CTGATTCCGACGCGT,31.96524731,0.877,123
CCGATTCGAGACAGT,31.95854498,0.876,124
CCGGGTCGAGACATG,31.95400504,0.875,125
TTGACTTCAGAGTAT,31.93304488,0.874,126
CTGGTTGTAGAGAGG,31.83875633,0.873,127
GATAAGGTCTAAATC,31.40364571,0.872,128
CCCTCTTTGACTGTT,31.34288277,0.871,129
CCCTTTGTTGTTGAT,31.33104934,0.87,130
CCTTTTTCAGAATGT,31.30973393,0.869,131
TTTTATTCCAGCCCT,31.25977774,0.868,132
GGTGTGCTGGTGGGA,29.97046499,0.867,133
GATACAGGTATTGCA,29.08614312,0.866,134
GTTAAATGTTACGTG,28.83235003,0.865,135
GGTAAATCATGAAAG,28.81844743,0.864,136
GGTTTCGGGTTACTA,28.61437699,0.863,137
TCCACGGTTCGAGGC,27.72469605,0.862,138
TTCATACTACTGACC,27.70135799,0.861,139
CCCATATTTAGCGAA,27.69497156,0.86,140
CTCACGAATTCGTAT,27.67164837,0.859,141
CTCACGATTTAGGCA,27.67164837,0.858,142
CTCATGATGAGTTCG,27.67164837,0.857,143
CTCATTTGCTTCGCT,27.67164836,0.856,144
CTCACTAACTCACAC,27.67164836,0.855,145
CTCACTGAATTTTAA,27.67164836,0.854,146
AAGTTGCGTCCATGG,27.23051362,0.853,147
ATGTAGTTTTCACCG,26.76034742,0.852,148
ACGTATCTTTATCCT,26.65688199,0.851,149
ATGTAGTTTGATTAG,26.62066955,0.85,150
AAGTGGGATTCCATG,26.60893035,0.849,151
AAGTAACCGTCTCAA,26.45984827,0.848,152
ATGTCGCCTAAACTT,26.45546694,0.847,153
AGGTGTATCCCGCCT,26.44887646,0.846,154
ATGTCGGCCACTGGA,26.44398743,0.845,155
AAGTGTCGACCAGGG,26.42023966,0.844,156
ATGTCAGATGACAGT,26.4002011,0.843,157
ACGTAAATCGATGGA,26.39555782,0.842,158
AGGTGTTCATGCGCA,26.38950981,0.841,159
AAGTGGCAACAATTA,26.33776933,0.84,160
ATGTCACTGGCGATC,26.33144422,0.839,161
AAGTAAACCGTATGA,26.32305944,0.838,162
AAGTAAGAGAACCTG,26.32157169,0.837,163
ACGTCACGTGATTCC,26.28560261,0.836,164
AGGTCGCCACGTATC,26.27743304,0.835,165
ACGTGATGATCTAAG,26.27728389,0.834,166
AGGTCACTCCGAAAA,26.26304917,0.833,167
ACGTCACTTCCAGAG,26.2612558,0.832,168
ACGTCGCATGCGCCA,26.25260749,0.831,169
AAGTCTTTCGTTACC,26.22359051,0.83,170
ACGTCGCCTGAGACG,26.09897919,0.829,171
GTTCATGTTAACGTT,25.00621518,0.828,172
TCAATTTTGACTCCT,24.61000456,0.827,173
TCACCGTCTATCCTC,24.54865279,0.826,174
CTAGTTAATGTTACG,24.53326329,0.825,175
CCAGTGGCTAGTCAG,24.49508095,0.824,176
TTAACTGCACACGTT,24.48879922,0.823,177
CCAGTGGCCCATTAA,24.48263692,0.822,178
CCACTGAAGTGATTG,24.46891794,0.821,179
CTAGCGATCGACCGC,24.44176508,0.82,180
CCAGCTACGCGAGTT,24.44133842,0.819,181
TCAGTTCATCCGACC,24.37443132,0.818,182
TTACCGACGCGGCAG,24.36892746,0.817,183
TTAACGGCAATAAAA,24.34580787,0.816,184
TTATTCTATCCTTTC,24.33840445,0.815,185
CCAAATGAAGCGTAG,24.33675607,0.814,186
CCAGATTGATCGCCT,24.33408185,0.813,187
TTAGTGAGAACTTAG,24.32770854,0.812,188
TCATCGTATCGAGGT,24.32657636,0.811,189
CCAGGTCATAGCGCG,24.31180615,0.81,190
CTAGTCCTAGTTTCT,24.3010791,0.809,191
TTACTGGGTTGGCTC,24.29975879,0.808,192
TCAGTCGCCTGTTAT,24.29646421,0.807,193
CCAGAGAGACGGACG,24.2770112,0.806,194
CCACCTCACACGCCC,24.27361396,0.805,195
TCAACTCGCCGGGCT,24.24779578,0.804,196
CCAGTAGTAGTCAGC,24.22672744,0.803,197
TTACGGATTTCGAAG,24.22011898,0.802,198
TTATCTCCCGGGGAT,24.21652748,0.801,199
CCAAGGGGCTCATAT,24.21102184,0.8,200
GCTTTCCTCAGCGTT,24.19475255,0.799,201
CCACTACCGCCATCT,24.18458074,0.798,202
CCATAGCGCTGCATC,24.17863932,0.797,203
CCAGTCTATCATGCA,24.17778057,0.796,204
TCAGCCCTGTAGTAC,24.17210505,0.795,205
CTATCCACATATTCT,24.16341551,0.794,206
TCATGAGTAGGGGGT,24.16244832,0.793,207
TCACGTATTCCATAC,24.15345247,0.792,208
TCAAACTTTCGCTGA,24.14611782,0.791,209
TTAATGCGTGACAAC,24.14579742,0.79,210
CCAAGACCACTTTTA,24.14363965,0.789,211
TCAGAAACGTACGGC,24.13379782,0.788,212
TTAACACTCCCAGGG,24.13078732,0.787,213
TCAGCCCCGCCCTCA,24.1237867,0.786,214
TTAGCCCACTGGCTG,24.11913378,0.785,215
TCAGGGGGTGGGCCG,24.10525254,0.784,216
TTAGGGTGCATTCCA,24.09594915,0.783,217
CCATAAATAGGTCAG,24.09309697,0.782,218
TTACAACTAGAGAAG,24.08027848,0.781,219
TCATGTTGGCAGATT,24.07012368,0.78,220
CTACTAGCGGGGGCG,24.06383464,0.779,221
CCATACTCTGGATGG,24.05712985,0.778,222
TTACTGCATACATAT,24.05416863,0.777,223
TCACTACCCTCACCA,24.04046922,0.776,224
CTACATCTGAGCTCG,24.03756932,0.775,225
TTAGCCCAATGTAGG,24.03199132,0.774,226
CTAATATGTTTCTCT,24.03085688,0.773,227
TTAGGTATAGTATAC,24.0273896,0.772,228
CCATGACACACGCTT,24.02400498,0.771,229
CTAATGAGGCAATGA,24.00831455,0.77,230
CTAAGACACCGAGGC,24.00637737,0.769,231
TCATTAAGCATCCGG,24.00282571,0.768,232
CTACGTACGTGCACT,24.0026159,0.767,233
TTAGGTATAACAAAT,23.9948699,0.766,234
CTACGGGACGGACCC,23.98846454,0.765,235
TCAGACCAACAAGCA,23.98778559,0.764,236
CTAGGGGCATTGACA,23.98002249,0.763,237
TCACTCCAGTACCGG,23.97294797,0.762,238
TCAGTCGATCGAAAC,23.97070754,0.761,239
GTTTCAGCTATCCCA,23.96810639,0.76,240
CTATAGCGTCGAGGA,23.966423,0.759,241
TTACGCGGTATCCCC,23.94707365,0.758,242
TCATACGATAGCGTG,23.94434428,0.757,243
CCAGACTCAAAGCAC,23.92534533,0.756,244
CCATGACCCCAAGGC,23.92251441,0.755,245
TTACCAGTTGAACAA,23.91377996,0.754,246
CTATGACATGATAAA,23.90134397,0.753,247
CCACCCGGTTCACTT,23.90005809,0.752,248
CTACCGCCCTGCCGT,23.89219585,0.751,249
TTAAGACGCATAGGA,23.89130874,0.75,250
CCACCCCCAACACCC,23.8907636,0.749,251
CCAACATGACTTAGT,23.88782568,0.748,252
TTATCATGAGACGTG,23.88355755,0.747,253
TCACAAGGACATTGA,23.8781984,0.746,254
TTAGTGCTGCATAGG,23.87297458,0.745,255
CTAAACGGACGAGGA,23.86946851,0.744,256
CCAAGAGGATCACTA,23.86254674,0.743,257
TTATTACGTCAATCT,23.85889113,0.742,258
TTATGTTCGAAGGTT,23.85718711,0.741,259
CCAAGCCGACCACAA,23.80825082,0.74,260
TTAACCGGTGATATC,23.79978396,0.739,261
CCAAACCAGGACAAG,23.79597176,0.738,262
TTATGCCCAACTATG,23.76471347,0.737,263
TCATTCTGGGCAAGG,23.7032665,0.736,264
GCTTTTCAGCGGGCA,23.15048103,0.735,265
TCGGAAACGGATCCA,22.98547893,0.734,266
TCGGAAGCGAGAGCT,22.98547893,0.733,267
TTGAATTCATTGTGG,22.96214088,0.732,268
TTGGAATATGGCACA,22.96214088,0.731,269
TTGGAGTGGGGGCAG,22.96214088,0.73,270
CCGAATCCGGGAGTG,22.95575444,0.729,271
CCGGAATATGTAATA,22.95575444,0.728,272
CCGGAGTCGTACTCA,22.95575444,0.727,273
CTGAAAGCGTCGACT,22.93243126,0.726,274
CTGAAGACACCAGCT,22.93243126,0.725,275
CTGAATGGAAACGAC,22.93243126,0.724,276
CTGGAGTAGCCAATT,22.93243126,0.723,277
CTGGAGTCGCCAACC,22.93243126,0.722,278
GATTTTAACTGGTTC,22.39562376,0.721,279
GGTGTCACCTGCCGA,22.26746685,0.72,280
GTTATCTCCTACTTG,22.17177144,0.719,281
GTTGCCATCTATGCT,22.07475771,0.718,282
TCCAACCTTTGAGGG,21.8869656,0.717,283
TTCAAAGAAGCGCCT,21.86362754,0.716,284
TTCAACAGACCGTAT,21.86362754,0.715,285
CCCAAAGATAGTTAA,21.85724111,0.714,286
CCCAACTGCCCATTA,21.85724111,0.713,287
CCCAATGCTCTGAGT,21.85724111,0.712,288
GCTCCCGTAGGCTAG,21.73942201,0.711,289
GCTCTAGTGGACGTT,21.6330083,0.71,290
GGTACTACCAATGGG,21.29981361,0.709,291
GTTAAAGTGTCCTCA,21.14371621,0.708,292
GCTCGTAGGAATCTC,20.42243625,0.707,293
GTTCGCAGCGCGCCT,19.95722956,0.706,294
GGTCTCCGTTAGCCT,19.86184327,0.705,295
GATCGTCTCCCTGGG,19.7585663,0.704,296
GGTCGTTCCATAACT,19.7261283,0.703,297
GGTCGATGAGAGCGC,19.48555159,0.702,298
GTTCCGAGCGCAAAC,19.25195528,0.701,299
GATCCCCTCGGACGG,19.16284912,0.7,300
GCTCCCCGGACCAAC,19.13471686,0.699,301
GTTCAGTTTGACAGA,19.13377056,0.698,302
GTTCTGTGCCCGATT,19.12918309,0.697,303
GCTCCCGCAGTGTTT,19.08904355,0.696,304
GCTCTCTTCAAGCTA,18.79385358,0.695,305
GGTCGCATGGTAGAC,18.68817225,0.694,306
GTTCGCATAAACCCA,18.61664335,0.693,307
GTTCGCGCACATCTA,18.60453352,0.692,308
GCTCGGTTCAAACTC,18.46823231,0.691,309
GGTCTAGAGCGTTCC,18.46275216,0.69,310
GCTCGGACACTCAGA,18.29132946,0.689,311
GGTCCAAACAATGGT,18.27655869,0.688,312
GATCTATCGCATCAT,18.27524326,0.687,313
GGTCTGCTGGGGATG,18.2229179,0.686,314
GGTGGTGTGCTGGAG,17.79353209,0.685,315
TCGTACAGTTCCCCC,17.13490355,0.684,316
TCGTAGCCATGGCAA,17.13490355,0.683,317
TCGTCTAATTGCCCG,17.13490355,0.682,318
TCGTCTGGACCGTTC,17.13490355,0.681,319
TCGTGAGAGAAAACA,17.13490355,0.68,320
TCGTGAGGAACAATA,17.13490355,0.679,321
TCGTGGACCGCCGGG,17.13490355,0.678,322
TCGCGCCCTTGCAAG,17.11330479,0.677,323
TCGCGCGGGCCATGT,17.11330479,0.676,324
TCGCGGTGTACCCCA,17.11330479,0.675,325
TCGCTAATAGAGACT,17.11330479,0.674,326
TCGCTCGTTGGGCTC,17.11330479,0.673,327
TTGTACGCACAGATG,17.11156543,0.672,328
TTGTAGAACCCTCAC,17.11156543,0.671,329
TTGTAGTAATGTGGG,17.11156543,0.67,330
TTGTATCGAAATTAG,17.11156543,0.669,331
TTGTCGCGGCGAGGC,17.11156543,0.668,332
TTGTGACTCAGTAAA,17.11156543,0.667,333
CCGTAAGAAGGTGAT,17.10517882,0.666,334
CCGTAAGTGGTATGT,17.10517882,0.665,335
CCGTCCGCCAGGTCG,17.10517882,0.664,336
CCGTCCTGCTCACTA,17.10517882,0.663,337
CCGTGCACTACTATC,17.10517882,0.662,338
CCGTGGTAGAACTTC,17.10517882,0.661,339
CCGTTTCACTCCGGC,17.10517882,0.66,340
TTGCAAATCTGCACC,17.08996804,0.659,341
TTGCAGAGAGGAATC,17.08996804,0.658,342
TTGCATGCGGCGATC,17.08996804,0.657,343
TTGCCACGCCGGGCG,17.08996804,0.656,344
TTGCCTCTTAGGCTG,17.08996804,0.655,345
TTGCGTAATCAGTGG,17.08996804,0.654,346
TTGCGTATGCAAGTT,17.08996804,0.653,347
TTGCTTAAGGGGCAT,17.08996804,0.652,348
CCGCACGAATGGGCG,17.08358004,0.651,349
CCGCCTAGACACGGG,17.08358004,0.65,350
CCGCGATTAAGACGA,17.08358004,0.649,351
CCGCTGACGAACGCC,17.08358004,0.648,352
CCGCTTTCCCATCGG,17.08358004,0.647,353
CTGTAGACAAAGCAT,17.08185615,0.646,354
CTGTAGCTCTAGGCG,17.08185615,0.645,355
CTGTCAATTGCGAAT,17.08185615,0.644,356
CTGTGAAGGAGGGCG,17.08185615,0.643,357
CTGTGCACGTGGGGA,17.08185615,0.642,358
CTGTTAGGATACTAC,17.08185615,0.641,359
CTGTTATCCTGGAAC,17.08185615,0.64,360
CTGTTCAAACACGGA,17.08185615,0.639,361
CTGTTGCCCAGCGAC,17.08185615,0.638,362
CTGTTGGCATTGAAA,17.08185615,0.637,363
CTGCCATAGCCTGTA,17.06025728,0.636,364
CTGCCGATGCTTGAG,17.06025728,0.635,365
CTGCGACCGCGAGGC,17.06025728,0.634,366
CTGCGATCATAACGT,17.06025728,0.633,367
CTGCGCCGCATTGGC,17.06025728,0.632,368
CTGCGCTAACTTCCA,17.06025728,0.631,369
CTGCGGAAGGACTAC,17.06025728,0.63,370
CTGCGGTTTAGCCAT,17.06025728,0.629,371
CTGCGTGAGAAAGAG,17.06025728,0.628,372
CTGCTCCGTCGGTAT,17.06025728,0.627,373
CTGCTCTAAAGCTTG,17.06025728,0.626,374
CTGCTGAGGCCTTGG,17.06025728,0.625,375
TAAGAGGGCAAAGGT,16.80711228,0.624,376
TAAGAGTGGCAGCAA,16.80711228,0.623,377
TAAGCGTCGCGCTCT,16.80711228,0.622,378
TAAGGCGGCCTAGGA,16.80711228,0.621,379
TAAGGGGGACGACTC,16.80711228,0.62,380
TAAGTATCCTACCCT,16.80711228,0.619,381
TAAGTCCCAGGCGAT,16.80711228,0.618,382
TAAGTTGGTGTCTTA,16.80711228,0.617,383
TAATAAACACGCGTT,16.80711228,0.616,384
TAATACCACTTTTTC,16.80711228,0.615,385
TAATATATGCGCCCC,16.80711228,0.614,386
TAATATGAGTCGCAA,16.80711228,0.613,387
TAATCATGCTCACGG,16.80711228,0.612,388
TAATCCTTGGGTCGA,16.80711228,0.611,389
TAATTCATAGACCCC,16.80711228,0.61,390
TAGGACATCCTATAC,16.80711228,0.609,391
TAGGAGCGGGGGAAC,16.80711228,0.608,392
TAGGCAACAACCGTA,16.80711228,0.607,393
TAGGTTGTCATAGCG,16.80711228,0.606,394
TAGTACCACGATTGT,16.80711228,0.605,395
TAGTACGATAGGGAA,16.80711228,0.604,396
TAGTATGGTGTCCCC,16.80711228,0.603,397
TAGTCACATCGAAGA,16.80711228,0.602,398
TAGTCTCCCGAAGCT,16.80711228,0.601,399
TAGTGATATCCATCA,16.80711228,0.6,400
TAGTGGTCATGTTCT,16.80711228,0.599,401
TAGTGTGAGCAGATA,16.80711228,0.598,402
TAGTTCGAGTGTTCG,16.80711228,0.597,403
TAGTTGATCACGTCG,16.80711228,0.596,404
TAGCAAGATTGGTTA,16.80711211,0.595,405
TAGCATACGTAGGAT,16.80711211,0.594,406
TAGCATACTTTTAGT,16.80711211,0.593,407
TAGCCGGGCCCGGAG,16.80711211,0.592,408
TAGCCTGTCGCTCAC,16.80711211,0.591,409
TAGCTGAGAAGCACA,16.80711211,0.59,410
TAGCTGCTGCTAAGC,16.80711211,0.589,411
TAACAATTCCTGGTC,16.80711211,0.588,412
TAACAGCTTCAGGTT,16.80711211,0.587,413
TAACGACGCGAGATC,16.80711211,0.586,414
TAACTAAGTCAAAGT,16.80711211,0.585,415
TATGAATCATACCCT,16.80699426,0.584,416
TATTAGCTTGTTACG,16.80699426,0.583,417
TATTAGGATGACTGG,16.80699426,0.582,418
TATTCCTCTCGAGGT,16.80699426,0.581,419
TATTGACGAGACTCC,16.80699426,0.58,420
TATTGAGCCGATTTC,16.80699426,0.579,421
TATTGTTCTGAACGA,16.80699426,0.578,422
TATTTTCCTTGTACA,16.80699426,0.577,423
TATCAGGGCCCCTAA,16.8069941,0.576,424
TATCCATTTAGTAGA,16.8069941,0.575,425
TATCCGAAAATGTCT,16.8069941,0.574,426
TATCCGGCTCGCATG,16.8069941,0.573,427
TATCCTAGGAGGACG,16.8069941,0.572,428
TATCGATAAGCTATA,16.8069941,0.571,429
TATCGCGGGTTGCCG,16.8069941,0.57,430
TATCGGACTATAGCG,16.8069941,0.569,431
TATCGGTTGAATCTC,16.8069941,0.568,432
TATCTCAGTATTGTG,16.8069941,0.567,433
TACGAGCTTACCTAT,16.80467002,0.566,434
TACGCCGGCTTATGG,16.80467002,0.565,435
TACGCTAAGGTTCAT,16.80467002,0.564,436
TACGGAGTGTGGATG,16.80467002,0.563,437
TACGGATGGATCCTA,16.80467002,0.562,438
TACGGCTTTTAACAG,16.80467002,0.561,439
TACGTACTAGGGTAT,16.80467002,0.56,440
TACGTTATATTCTCG,16.80467002,0.559,441
TACTATGATGTTGGG,16.80467002,0.558,442
TACTCCAACCTCAGT,16.80467002,0.557,443
TACTCGTTACACCCT,16.80467002,0.556,444
TACTCTACCGAACAA,16.80467002,0.555,445
TACTCTGCGACACTC,16.80467002,0.554,446
TACTGAAGGAGCGAG,16.80467002,0.553,447
TACTGCGTCTTCGTA,16.80467002,0.552,448
TACTGTCGAATTCTA,16.80467002,0.551,449
TACTTAGACTTCGGT,16.80467002,0.55,450
TACTTTATAAGGAAT,16.80467002,0.549,451
TACCACTCACGGCAA,16.80466986,0.548,452
TACCGCCGGCAGCTC,16.80466986,0.547,453
TACCGTCAAGTAATA,16.80466986,0.546,454
TACCGTGACTGGGGA,16.80466986,0.545,455
TACCTACACACGTGA,16.80466986,0.544,456
TACCTGAACGCCAAA,16.80466986,0.543,457
TACCTGGAGAGCTAT,16.80466986,0.542,458
TACCTTGGTTCGCAA,16.80466986,0.541,459
TACCTTTCAGTCAGC,16.80466986,0.54,460
CAAGAATTTAGAGGC,16.7774097,0.539,461
CAAGATCCCCAGATC,16.7774097,0.538,462
CAAGATCGCACTCTT,16.7774097,0.537,463
CAAGTCTGTGGCTAA,16.7774097,0.536,464
CAATACGCAACCTCC,16.7774097,0.535,465
CAATCGATACACAAT,16.7774097,0.534,466
CAATGACACAGCTAA,16.7774097,0.533,467
CAATTGACCAGGCGT,16.7774097,0.532,468
CAATTGGCGCATACC,16.7774097,0.531,469
CAGGATACTGGCGTA,16.7774097,0.53,470
CAGGCCAGCCAGATG,16.7774097,0.529,471
CAGGCCCTGACTAAC,16.7774097,0.528,472
CAGGGATTTTTGTTG,16.7774097,0.527,473
CAGGGCTATCTGGCA,16.7774097,0.526,474
CAGGGTCCGAGCTTT,16.7774097,0.525,475
CAGTCATAGGTGCCT,16.7774097,0.524,476
CAGTCCACGGGCGGT,16.7774097,0.523,477
CAGTCTCTCAGGAGA,16.7774097,0.522,478
CAGTGGGACGATGAG,16.7774097,0.521,479
CAGCAAACGAACCCC,16.77740954,0.52,480
CAGCATCTCGCAGCA,16.77740954,0.519,481
CAGCCCTGGCTGCCT,16.77740954,0.518,482
CAGCGCATCCATCAT,16.77740954,0.517,483
CAACAAATACTTAAT,16.77740954,0.516,484
CAACGGATGTAAGTA,16.77740954,0.515,485
CATGAGGTCCTATGA,16.77729168,0.514,486
CATGTAAGACCGGCT,16.77729168,0.513,487
CATTAACAAACGGAG,16.77729168,0.512,488
CATTCCCATCCGAGG,16.77729168,0.511,489
CATTGTTCCTACGCT,16.77729168,0.51,490
CATTTGGACGCTCGT,16.77729168,0.509,491
CATCATGGAGCTTTT,16.77729152,0.508,492
CATCTTAGGGAAACC,16.77729152,0.507,493
CACGACTGCTACCTG,16.77496741,0.506,494
CACGAGAACGCCCAT,16.77496741,0.505,495
CACGATCCCTCGTAG,16.77496741,0.504,496
CACGCCCGTACGGCG,16.77496741,0.503,497
CACGGCGGAAACACT,16.77496741,0.502,498
CACGTCAACATCATG,16.77496741,0.501,499
CACTAAACACAAGAT,16.77496741,0.5,500
CACTTGCCAGTCTCA,16.77496741,0.499,501
CACTTGGACTATGGT,16.77496741,0.498,502
CACCGCGTAGTCGTG,16.77496724,0.497,503
CACCGGAATCGCACG,16.77496724,0.496,504
CACCGTAGGTTCTCG,16.77496724,0.495,505
CACCTACATATTATG,16.77496724,0.494,506
CACCTGTCAACGGAC,16.77496724,0.493,507
TGAGAAGGCGCAGCA,16.64309914,0.492,508
TGAGAGCCCAAGTGA,16.64309914,0.491,509
TGAGCCTTATTTTCG,16.64309914,0.49,510
TGAGGCGATGATGAC,16.64309914,0.489,511
TGAGGTATCAACTGA,16.64309914,0.488,512
TGAGTGCTCTCATCT,16.64309914,0.487,513
TGAGTTCAGACTACC,16.64309914,0.486,514
TGATAAATCGTTGAT,16.64309914,0.485,515
TGATAAGAAGCTTCT,16.64309914,0.484,516
TGATCGGAATCCTTA,16.64309914,0.483,517
TGATGCCCAAGGATA,16.64309914,0.482,518
TGATGCTAGGTGCAT,16.64309914,0.481,519
TGATGGGTTGCCAAA,16.64309914,0.48,520
TGATTATCCCGGTGT,16.64309914,0.479,521
TGGGCAGTTCCGACG,16.64309914,0.478,522
TGGGCCCAGTCGGAT,16.64309914,0.477,523
TGGGCGCTACGATTA,16.64309914,0.476,524
TGGGGCTCAAAGGCA,16.64309914,0.475,525
TGGGGGCGCCTCCTA,16.64309914,0.474,526
TGGGTTATCCCCATG,16.64309914,0.473,527
TGGGTTGTTGCTATG,16.64309914,0.472,528
TGGTAACCAGGACAG,16.64309914,0.471,529
TGGTATGGTGCCGCC,16.64309914,0.47,530
TGGTCATGGGCCCCT,16.64309914,0.469,531
TGGTGAAAACTAAGA,16.64309914,0.468,532
TGGTGGTCTTAAACC,16.64309914,0.467,533
TGGTGTTCGTGCATA,16.64309914,0.466,534
TGGTTCAAACCAGAC,16.64309914,0.465,535
TGGTTGCCATTATAA,16.64309914,0.464,536
TGGTTTCTATCCCAA,16.64309914,0.463,537
TGACAACACCCTTAC,16.64309897,0.462,538
TGACAGGAAGGGATT,16.64309897,0.461,539
TGACCAAGAAGACGT,16.64309897,0.46,540
TGACCACTGCTTTGA,16.64309897,0.459,541
TGACGTAAAGCTCTT,16.64309897,0.458,542
TGGCAGGTCGTTACT,16.64309897,0.457,543
TGGCATCCTCGGATT,16.64309897,0.456,544
TGGCCATGATCGCGG,16.64309897,0.455,545
TGGCGAGTCCCGCTC,16.64309897,0.454,546
TGGCTTTTAACTAGG,16.64309897,0.453,547
TGTGAGGAGTTCACA,16.64298112,0.452,548
TGTGATATCGTCCAT,16.64298112,0.451,549
TGTGGATTAATGCTA,16.64298112,0.45,550
TGTGTAAGAGCCCGA,16.64298112,0.449,551
TGTGTGGGAACGATA,16.64298112,0.448,552
TGTTAGGTGTGACTG,16.64298112,0.447,553
TGTTATCGCGGGAAG,16.64298112,0.446,554
TGTTCACAAACCCAA,16.64298112,0.445,555
TGTTCAGGCCCCCAA,16.64298112,0.444,556
TGTTGACTAAGGAAC,16.64298112,0.443,557
TGTTGATGACATGGG,16.64298112,0.442,558
TGTTGGTCCCGATAC,16.64298112,0.441,559
TGTTTTGTAGTAAAG,16.64298112,0.44,560
TGTCCATGATAGTCA,16.64298096,0.439,561
TGTCGACCGTATTTC,16.64298096,0.438,562
TGTCTTTCCAAAACC,16.64298096,0.437,563
TGCGAATAGCTGATG,16.6406569,0.436,564
TGCGACCATTTGAAG,16.6406569,0.435,565
TGCGACTGAGTTATT,16.6406569,0.434,566
TGCGGCTGCAGGAAC,16.6406569,0.433,567
TGCGGGAGTTTCGAG,16.6406569,0.432,568
TGCGTAATGCAAAAC,16.6406569,0.431,569
TGCGTACGGCGTGCG,16.6406569,0.43,570
TGCTATGTGATTTTC,16.6406569,0.429,571
TGCTCGGAATTCTCC,16.6406569,0.428,572
TGCTGAAGATTGAGG,16.6406569,0.427,573
TGCTGGGCGACGACT,16.6406569,0.426,574
TGCTGTATTGGAACG,16.6406569,0.425,575
TGCTGTCTAATCGAA,16.6406569,0.424,576
TGCTGTTTACATGCC,16.6406569,0.423,577
TGCTTAACTCGAGTA,16.6406569,0.422,578
TGCTTACACTCACGC,16.6406569,0.421,579
TGCTTCGAAATACGA,16.6406569,0.42,580
TGCTTTGGTCTTGCT,16.6406569,0.419,581
TGCCAGTCCCACATG,16.64065673,0.418,582
TGCCATCGACACCCG,16.64065673,0.417,583
TGCCTGTGTTTTCTA,16.64065673,0.416,584
CGAGACTTAAATAAT,16.61339974,0.415,585
CGAGATAAAAATCCC,16.61339974,0.414,586
CGAGCAACACTCAGC,16.61339974,0.413,587
CGAGCAGTCGCTGAC,16.61339974,0.412,588
CGAGTGTCAGCCCAC,16.61339974,0.411,589
CGATAAAGCTCCCCC,16.61339974,0.41,590
CGATCTGTGAACGTC,16.61339974,0.409,591
CGATGAGCTCTCTAT,16.61339974,0.408,592
CGATGCTAGGAGGGT,16.61339974,0.407,593
CGATTAATGGCATCA,16.61339974,0.406,594
CGATTATGTGGACAG,16.61339974,0.405,595
CGGGCCGGACACCCT,16.61339974,0.404,596
CGGGGAGTCTCTGAA,16.61339974,0.403,597
CGGGTTTGGTGTAAG,16.61339974,0.402,598
CGGTAGTTTAATTAC,16.61339974,0.401,599
CGGTATCCTGTGGCC,16.61339974,0.4,600
CGGTGAACAGATAAT,16.61339974,0.399,601
CGGTTCAAGAATTTG,16.61339974,0.398,602
CGGTTCGCCGTACTC,16.61339974,0.397,603
CGACCCGGTTCTAAG,16.61339958,0.396,604
CGACCGGATAAGGAG,16.61339958,0.395,605
CGACGACATTCACAA,16.61339958,0.394,606
CGACGACGTATCTAA,16.61339958,0.393,607
CGACGAGCGTATAAT,16.61339958,0.392,608
CGGCCATAGTATCTG,16.61339958,0.391,609
CGGCCTCTGGTATTA,16.61339958,0.39,610
CGGCTCCGGCCCTCT,16.61339958,0.389,611
CGTGACGGAAATTCC,16.61328172,0.388,612
CGTGTAAGGGGCAGT,16.61328172,0.387,613
CGTTAAGTCTGCTGC,16.61328172,0.386,614
CGTTACATATCTTAT,16.61328172,0.385,615
CGTTATTTCTATCGC,16.61328172,0.384,616
CGTTGAGGTCCAAGG,16.61328172,0.383,617
CGTTGCGGTGAACCC,16.61328172,0.382,618
CGTTTCACAGGCCAA,16.61328172,0.381,619
CGTCACTCGGAAGTT,16.61328156,0.38,620
CGTCAGGGAGTGACA,16.61328156,0.379,621
CGTCCCGAACATATA,16.61328156,0.378,622
CGTCGAGACGGAGTT,16.61328156,0.377,623
CGTCGGGCAACGAAG,16.61328156,0.376,624
CGTCGGGGACTGCCG,16.61328156,0.375,625
CGCGATAGCGGCTGG,16.61095743,0.374,626
CGCGCCAAAAGTGTC,16.61095743,0.373,627
CGCGCCCTCGATCGA,16.61095743,0.372,628
CGCGCCCTTGAATCC,16.61095743,0.371,629
CGCGCTAAACTTATA,16.61095743,0.37,630
CGCGCTGGGTACCGC,16.61095743,0.369,631
CGCGGTCATTAATTG,16.61095743,0.368,632
CGCGTCCGCGAATTT,16.61095743,0.367,633
CGCGTGAAGAGGGCG,16.61095743,0.366,634
CGCTAGAGAACATCG,16.61095743,0.365,635
CGCTCCATCCTGAAT,16.61095743,0.364,636
CGCTGCCAAGCACAG,16.61095743,0.363,637
CGCTTGCCGCACGGG,16.61095743,0.362,638
CGCCCCTAGTACACC,16.61095727,0.361,639
CGCCGAACACGTGCG,16.61095727,0.36,640
CGCCGAACTGCAACT,16.61095727,0.359,641
CGCCGCACGTCTACG,16.61095727,0.358,642
CGCCGCGTCGCCAGT,16.61095727,0.357,643
CGCCGTCAGATGGTA,16.61095727,0.356,644
TCCGATGACGGATCT,16.04924481,0.355,645
TCCGCCGATTGTCAC,16.04924481,0.354,646
TCCGGACTGGGGCCA,16.04924481,0.353,647
TCCGGGTGGAGATAG,16.04924481,0.352,648
TCCGTATCCGGCTTG,16.04924481,0.351,649
TCCGTGCGAATCGTG,16.04924481,0.35,650
TCCCATTGACTCAAG,16.04924481,0.349,651
TCCCCCTACCGGAAG,16.04924481,0.348,652
TCCCCTCTCAGTGAG,16.04924481,0.347,653
TCCCGACATGTTATC,16.04924481,0.346,654
TCCCGACCGGTCCCC,16.04924481,0.345,655
TCCCGGAGTAATAAG,16.04924481,0.344,656
TCCCGGATACTCCAT,16.04924481,0.343,657
TCCAGACAATCAGTG,16.04923516,0.342,658
TTCGCGCGGTAGATT,16.02590675,0.341,659
TTCGTCGTATTCCTT,16.02590675,0.34,660
TTCCAAATACGAGAA,16.02590675,0.339,661
TTCCAGCGGAAGAAG,16.02590675,0.338,662
TTCCATGCACTCAGA,16.02590675,0.337,663
TTCCATGCGAGTAGA,16.02590675,0.336,664
TTCCGCAAACCGACC,16.02590675,0.335,665
TTCCGGATACGATGC,16.02590675,0.334,666
TTCCGTTGCATTTAT,16.02590675,0.333,667
TTCAGGCGACGGATA,16.0258971,0.332,668
CCCGAATGAGGAGTA,16.01952032,0.331,669
CCCGACATCCAGACT,16.01952032,0.33,670
CCCGCATAGTGAATG,16.01952032,0.329,671
CCCGGGGCTCTCGGT,16.01952032,0.328,672
CCCGTGCTATCCCTC,16.01952032,0.327,673
CCCCACTCCGGCGTG,16.01952032,0.326,674
CCCCAGTAGAGTACC,16.01952032,0.325,675
CCCCCGGCATATCCG,16.01952032,0.324,676
CCCCGAAATAATACT,16.01952032,0.323,677
CCCCGAACAAGTTCC,16.01952032,0.322,678
CCCCTAACGCTCTCA,16.01952032,0.321,679
TCTGCCATACATCCC,16.01608535,0.32,680
TCTGCGATCATCCGC,16.01608535,0.319,681
TCTGCTCAACTGCGA,16.01608535,0.318,682
TCTGGAGAACCTCAG,16.01608535,0.317,683
TCTGTCATATAAATA,16.01608535,0.316,684
TCTGTCTCATCCGCA,16.01608535,0.315,685
TCTGTGGCCAGCGAC,16.01608535,0.314,686
TCTCCGCTTTAGGAA,16.01608535,0.313,687
TCTCCTCTACCTGTC,16.01608535,0.312,688
TCTCGTGGTTCCAAC,16.01608535,0.311,689
CTCGACGAACAGTGT,15.99619714,0.31,690
CTCGCACTAGGCCTG,15.99619714,0.309,691
CTCGCTAACTCCATC,15.99619714,0.308,692
CTCGCTACTCTAGCA,15.99619714,0.307,693
CTCGGGCCGTCGACA,15.99619714,0.306,694
CTCGTCGTACTGTAC,15.99619714,0.305,695
CTCCATGCTGGTTTG,15.99619714,0.304,696
CTCCCTGCCATGGTG,15.99619714,0.303,697
CTCAGTCTCTCCGGG,15.99618748,0.302,698
TTTGAAAATAAACGA,15.99274795,0.301,699
TTTGAGTGGGTGACG,15.99274795,0.3,700
TTTGATCTCAATTGA,15.99274795,0.299,701
TTTGCGCATATTTTT,15.99274795,0.298,702
TTTGGAAGCGCTGAG,15.99274795,0.297,703
TTTGGTTTCTGAGCT,15.99274795,0.296,704
TTTGTGCTCATCAGT,15.99274795,0.295,705
TTTGTGGCACAAAAA,15.99274795,0.294,706
TTTGTTAAACCCTTG,15.99274795,0.293,707
TTTCCGTGAGCGCAA,15.99274795,0.292,708
TTTCGATTTGTTTCT,15.99274795,0.291,709
TTTCGCCAGTTGAAA,15.99274795,0.29,710
TTTCGTTACGACGCT,15.99274795,0.289,711
TTTCTCAGATCACAG,15.99274795,0.288,712
TTTCTCATGAGCGCG,15.99274795,0.287,713
CCTGACGATCACCAC,15.98636138,0.286,714
CCTGCAGCGTCCTTC,15.98636138,0.285,715
CCTGGGCTTATCTGC,15.98636138,0.284,716
CCTGGTATTAAATAA,15.98636138,0.283,717
CCTGTTTACATCATA,15.98636138,0.282,718
CCTCAAGTCGTGCAG,15.98636138,0.281,719
CCTCCCGCACGACGA,15.98636138,0.28,720
CCTCGCCTACCGGGT,15.98636138,0.279,721
CCTCGTACAAAAGAG,15.98636138,0.278,722
CCTCTGGAACTGCAG,15.98636138,0.277,723
CCTCTGTTCCTAGTT,15.98636138,0.276,724
CTTGATAGTCTCGGA,15.96303859,0.275,725
CTTGCGTGAGTAGCT,15.96303859,0.274,726
CTTGGGAGGAGCGGG,15.96303859,0.273,727
CTTGGGATGAGGTTC,15.96303859,0.272,728
CTTGTGAAGTCAATG,15.96303859,0.271,729
CTTCAATCTAAGCCG,15.96303859,0.27,730
CTTCACATCCCGGTT,15.96303859,0.269,731
CTTCCACCATGCATC,15.96303859,0.268,732
CTTCCAGGACAGGCC,15.96303859,0.267,733
CTTCCGCCTAACTGT,15.96303859,0.266,734
CTTCCGGTTATTGGT,15.96303859,0.265,735
CTTCTAATCCCCTTA,15.96303859,0.264,736
CTTCTCCAGTTTTGG,15.96303859,0.263,737
GATTACAGTAGCTTC,15.41790319,0.262,738
GTTTACCGAGCGGAC,15.41367442,0.261,739
GATTAGTGCGTATTG,15.3368104,0.26,740
GTTTAGCATATTCGG,15.33258117,0.259,741
GTTTAGTTGCCGCGT,15.33258117,0.258,742
GCTAAAAGCAGACTA,15.29697982,0.257,743
GGTTATAGTTGCGTC,15.1989854,0.256,744
GATTATATGATTGGT,15.181467,0.255,745
GCTTGGAATCAAAAG,15.08546531,0.254,746
GCTTGGCCAGCAGTA,15.08546531,0.253,747
GATAGCAGGGAGCGT,14.8388017,0.252,748
GATTAACGTGTGCCT,14.75598984,0.251,749
GCTAGGTTCGTAGTG,14.74447222,0.25,750
GATAGTCGATGCCGG,14.60236402,0.249,751
GCTAGTCGGGTAATT,14.58912713,0.248,752
GCTAGTTGCTGGGGA,14.58912713,0.247,753
GGTTGAGCCTGTTTG,14.53540001,0.246,754
GATTGATGCCTAAGA,14.51787713,0.245,755
GGTAGAATAGCGATA,14.19441071,0.244,756
ATGAAGTCGGCCACA,14.04512014,0.243,757
ATGACGTGGTTTGTC,14.04512014,0.242,758
ATGAGTTCCACGGAG,14.04512014,0.241,759
ATGATCCCTAACTGG,14.04512014,0.24,760
ATGATTCCGGCTTAC,14.04512014,0.239,761
ATGATTCTCCCTGGA,14.04512014,0.238,762
ATGGAGGGCCTCCCT,13.87598648,0.237,763
ATGGATACGACTGGA,13.87598648,0.236,764
ATGGATGACCTATTG,13.87598648,0.235,765
ATGGCGGATGTCCAT,13.87598648,0.234,766
ATGGGGGGGTCAGTA,13.87598648,0.233,767
ATGCAACCTATCGAA,13.85184673,0.232,768
ATGCCCGCCAGCAAT,13.85184673,0.231,769
ATGCGGTGAGCATTA,13.85184673,0.23,770
ATGCTAGAAAATCAA,13.85184673,0.229,771
ATGCTATCCATTATA,13.85184673,0.228,772
ATGCTCGAAGCTAAT,13.85184673,0.227,773
ATGCTGCCGATGAAT,13.85184673,0.226,774
ATGCTGTTTCCCAGG,13.85184673,0.225,775
ACGACCATATACCAT,13.84432017,0.224,776
ACGAGGCAGCTAATG,13.84432017,0.223,777
ACGATTCCTTTATTT,13.84432017,0.222,778
AGGAAAAGTTTTCTA,13.84396712,0.221,779
AGGAGACGACGAGCC,13.84396712,0.22,780
AGGAGATTTCAGAAG,13.84396712,0.219,781
AGGAGCAGGATCCAT,13.84396712,0.218,782
AGGAGGGCCGCGGCG,13.84396712,0.217,783
AGGAGGGGTCTGAGG,13.84396712,0.216,784
AGGAGTAAGCGTACT,13.84396712,0.215,785
AGGAGTCCCTTGTTG,13.84396712,0.214,786
AGGATAGGCTTAAGG,13.84396712,0.213,787
AGGATCAGGGCGTAC,13.84396712,0.212,788
AAGAAGTGGTATAGC,13.81627164,0.211,789
ACGGACGTGTTCATA,13.67516004,0.21,790
ACGGCGCTAGCTCCA,13.67516004,0.209,791
ACGGGCAGTTACTAA,13.67516004,0.208,792
ACGGTAGACAAATTT,13.67516004,0.207,793
ACGGTTTGTCGAGCC,13.67516004,0.206,794
AGGGATACAGGAAAT,13.67481565,0.205,795
AGGGCCAGCCCAGAA,13.67481565,0.204,796
AGGGCGCCAGGAATG,13.67481565,0.203,797
AGGGCTGTACAGATA,13.67481565,0.202,798
AGGGGCAGATCATCA,13.67481565,0.201,799
AGGGGCGCTACAACT,13.67481565,0.2,800
AGGGGTCCTTGGCTC,13.67481565,0.199,801
AGGGGTCTCAACCTT,13.67481565,0.198,802
AGGGGTCTGACTTAA,13.67481565,0.197,803
AGGGTAATCAATAGT,13.67481565,0.196,804
AGGGTACGACACTGT,13.67481565,0.195,805
AGGGTGTCAGGCCTC,13.67481565,0.194,806
ACGCCATTGCCCAGA,13.65104725,0.193,807
ACGCCTCGGATCGTC,13.65104725,0.192,808
ACGCCTTTGGGCCCT,13.65104725,0.191,809
ACGCTAATTCAGTCT,13.65104725,0.19,810
ACGCTATTTATGCAT,13.65104725,0.189,811
AGGCATTCCCCACAC,13.65039974,0.188,812
AGGCCGACCAGACTT,13.65039974,0.187,813
AGGCGCAAATCCTTA,13.65039974,0.186,814
AGGCGGAACGTGATC,13.65039974,0.185,815
AGGCGGTCATCATGC,13.65039974,0.184,816
AGGCGGTCTGACGGC,13.65039974,0.183,817
AGGCTATCACCGATG,13.65039974,0.182,818
AGGCTTACCGCCCAT,13.65039974,0.181,819
AGGCTTCATATTATC,13.65039974,0.18,820
AAGGACAGGTGCACG,13.64713438,0.179,821
AAGGACCTATTCTTC,13.64713438,0.178,822
AAGGATGGATGTGGA,13.64713438,0.177,823
AAGGGGTCACGGTCG,13.64713438,0.176,824
AAGGGTGACAACTAA,13.64713438,0.175,825
AAGCAATATGGATGA,13.6229651,0.174,826
AAGCCATATCCCCTA,13.6229651,0.173,827
AAGCGTCCACATGGC,13.6229651,0.172,828
AAGCTGGATCTCACA,13.6229651,0.171,829
GCCTGCGATTTCCTC,13.07731961,0.17,830
GCCGAGGATCATATC,12.96618213,0.169,831
GCCTAGGTTCTGGCT,12.94675749,0.168,832
GTCCGGGTTCACTAC,12.88795217,0.167,833
GCCGACGTTTCGTAA,12.82870562,0.166,834
GCCGACGTTCAGTGC,12.77483355,0.165,835
GCCCATGCTTGGGTG,12.7590978,0.164,836
GGCCAGGTTTTGGGG,12.75423128,0.163,837
GTCATGGCTTAGGGA,12.62172884,0.162,838
GTCCGTGCGGTGTGG,12.28472927,0.161,839
GCCCTGGCGTGCGGC,12.21626012,0.16,840
GACGGCGTATGGCAC,12.15876757,0.159,841
GTCCAAGTGTAGATA,12.13575716,0.158,842
GTCTATACCTTTATT,12.08308051,0.157,843
GTCTTTGGACGTCGG,12.08264322,0.156,844
GTCGGCGGGATGCCT,11.92015869,0.155,845
GTCTATCCCTCTATC,11.90936812,0.154,846
GTCTTAATCCGTCTA,11.89046877,0.153,847
GACCAGGGTGTAAGT,11.86188408,0.152,848
GCCTAGCACTATCTC,11.85627559,0.151,849
GGCTACGGTTAATGT,11.82983626,0.15,850
GGCCGAATCCCGACT,11.78233967,0.149,851
GGCTGATGGACTAGC,11.7709438,0.148,852
GCCATGAGTCTTAGC,11.74799719,0.147,853
GGCTATAAGCCCCTT,11.71313755,0.146,854
GTCTACATTCCGTAT,11.70283276,0.145,855
GACAGGGGCATGCAT,11.70133742,0.144,856
GCCCTCCGTTTGCCA,11.67304758,0.143,857
GACTACTTCAAAGTA,11.67098041,0.142,858
GTCAATTTCTCAGCC,11.66556729,0.141,859
GACCAAGGCAGCGTG,11.66084834,0.14,860
GTCCACATCCGACTA,11.65643593,0.139,861
GACTATAATTACATT,11.65561072,0.138,862
GCCGACATCTCCTGG,11.64329352,0.137,863
GACCTTCGTGAGTAA,11.6375212,0.136,864
GGCGGCTGGCTGCAT,11.61684533,0.135,865
GACCAGAACACGGGC,11.60975265,0.134,866
GCCGTCAACATACCC,11.60275003,0.133,867
GGCGGCAACACTCGG,11.60246224,0.132,868
GACACCTTTCAGCTC,11.60117366,0.131,869
GGCTCTAAAGCTTTT,11.60074029,0.13,870
GACGGGAGAGCCTTC,11.58783753,0.129,871
GCCCATGGAACGTCT,11.58685248,0.128,872
GCCAGTAACCGCTGC,11.55334266,0.127,873
GGCCTAACGTCCTAC,11.54645014,0.126,874
GGCGTGCGTACCAGT,11.54588462,0.125,875
GACTGTCCTTGGCTT,11.53597786,0.124,876
GTCGGCCGTGCTAGC,11.53360708,0.123,877
GGCATAGGTCAAAGC,11.53008843,0.122,878
GTCTGCTAAATGTAG,11.52791749,0.121,879
GACTTTCTAAGTCGG,11.52737523,0.12,880
GCCTTATCGGAAGAT,11.5259649,0.119,881
GCCATACATCTTCTT,11.51540376,0.118,882
GTCAATTGATCGGAC,11.51232454,0.117,883
GGCTCTTGAGGACAT,11.50098788,0.116,884
GTCGCCACGTGGTTC,11.49464715,0.115,885
GACTCATATCAAAGT,11.49202989,0.114,886
GGCCTTTTGTGTATA,11.48465593,0.113,887
GACGTATACCGTAGC,11.4611079,0.112,888
GACCCCATCATTTCT,11.44737657,0.111,889
GACACTGTATTAATT,11.44468388,0.11,890
GACAGGAATTATCCC,11.44431028,0.109,891
GGCACCGGTGTTCTT,11.43789205,0.108,892
GTCTCAACCGTCATG,11.42767632,0.107,893
GCCCACCCCCGAGAC,11.42094244,0.106,894
GTCGCGTATACGGCA,11.4145325,0.105,895
GCCGTATATATGCGT,11.41309132,0.104,896
GACACGGGGCCGGTT,11.41037138,0.103,897
GCCACTACTAGGTAC,11.40796843,0.102,898
GACAGCCATCTTCAT,11.40567909,0.101,899
GTCAGATTTCCTTGG,11.40257936,0.1,900
GTCTCACGCCACCGT,11.4011963,0.099,901
GACGCACGGCTGGTC,11.39692636,0.098,902
GTCGCTGGCTGAATT,11.3907462,0.097,903
GCCCCCCCAAGCGTT,11.36902644,0.096,904
GCCCTCCAAAATGTG,11.35937153,0.095,905
GACACGATTGCTCTG,11.35106854,0.094,906
GACGAACGCTTCAAT,11.33851939,0.093,907
GTCCCCGGCTTAGGC,11.32714295,0.092,908
GCCGCGGGTACGTAA,11.31557234,0.091,909
GTCCCGGAAGCTCTC,11.30287592,0.09,910
GACCCTGATAAAGCG,11.30093116,0.089,911
GGCGAGTATGCGACC,11.29817894,0.088,912
GACCTACCAACGAAG,11.28077411,0.087,913
GACGCGTCGGCCACC,11.27690509,0.086,914
GTCCCCCCGACAGCG,11.27492173,0.085,915
GACGAAATAAGAGTT,11.26841941,0.084,916
GTCCAGCAAGACCTC,11.22280266,0.083,917
GTCAGGCTATGAGCT,11.22061089,0.082,918
GTCCCCCGAGACGAG,11.19254172,0.081,919
GGCACAACTGTAAAC,11.18176559,0.08,920
GACATATCGCGCAAG,11.141514,0.079,921
GAGGATGCCTTTTCT,11.11347882,0.078,922
GTGTCGTTATTGTCT,11.09653301,0.077,923
GGATTCCGTTAATTC,11.08639917,0.076,924
GCCACCCAAATAAGG,11.0860201,0.075,925
GTGTATCCATGTAAT,11.07472763,0.074,926
GGGATCCGGTTGCGC,11.0735385,0.073,927
GCGATTAGAATGCTT,11.06104622,0.072,928
GAGACATGCTTTGAT,11.05584009,0.071,929
GGGAAACGGTTTCTC,11.05174406,0.07,930
GAAACTCCCCGTGTT,11.04794675,0.069,931
GAGAGTCGTTTACGC,11.03702189,0.068,932
GTGACGACTTTCCTG,11.03090976,0.067,933
GGACACTGTCCTCTC,11.00440479,0.066,934
GGGTGCTAACGTGCC,11.00063239,0.065,935
GGGCCGTGTTCGGCG,10.99493981,0.064,936
GCACTCCCCTGACTG,10.98984752,0.063,937
GGGAGCCGCTAGGAT,10.98577524,0.062,938
GTGAATGGTTCGAGA,10.97368869,0.061,939
GAGAGGGAGTTTACT,10.97131391,0.06,940
TAAAAGCAACGCGCT,10.96938183,0.059,941
TAAACAGGTCTGTTA,10.96938183,0.058,942
TAAACCCTTCAGAGT,10.96938183,0.057,943
TAAAGCGGCGCCAAA,10.96938183,0.056,944
TAAAGTCACGCTTTA,10.96938183,0.055,945
TAGAACTCATTTGAT,10.96938183,0.054,946
TAGAAGTTTCCGGTC,10.96938183,0.053,947
TAGAGATGCGAACTG,10.96938183,0.052,948
TAGAGCACTTTCGTC,10.96938183,0.051,949
TAGAGCGCCACAGCC,10.96938183,0.05,950
TAGATGAAAAAAGTA,10.96938183,0.049,951
TATAAACGTACGTTG,10.96926381,0.048,952
TATAAATTACTGTTT,10.96926381,0.047,953
TATAACACTAAATTC,10.96926381,0.046,954
TATAAGGGTTAGGTC,10.96926381,0.045,955
TATAATTGAAGATGT,10.96926381,0.044,956
TATAGCGCGACACAA,10.96926381,0.043,957
TATAGTTCCGGAATT,10.96926381,0.042,958
TATATAAGCTGCTGG,10.96926381,0.041,959
TATATGTTGCTAAGC,10.96926381,0.04,960
GAGTTTATTCCGTGC,10.96921939,0.039,961
TACACATGCGCGGGG,10.96693957,0.038,962
TACACCAGCTGTAGT,10.96693957,0.037,963
TACAGAACTAGCAGG,10.96693957,0.036,964
TACATATAGCCCGCG,10.96693957,0.035,965
TACATCAACGACTTC,10.96693957,0.034,966
TACATCATCGTTTTC,10.96693957,0.033,967
TACATCGCGAAGGAC,10.96693957,0.032,968
GGGAGCTGCCACATG,10.95861307,0.031,969
GGGCCCAGCCTGCAG,10.95268393,0.03,970
GTACCCGGGATGTTA,10.94726488,0.029,971
GTGATTAATGGTTAT,10.94650219,0.028,972
CAAAAAAATCTCTGC,10.93967925,0.027,973
CAAAACTGACCCTTT,10.93967925,0.026,974
CAAACCTTGCGGATA,10.93967925,0.025,975
CAAAGGAGTTACTAC,10.93967925,0.024,976
CAAAGTATACCGGTC,10.93967925,0.023,977
CAAATCTTCTTCAGC,10.93967925,0.022,978
CAAATGTCACGATGT,10.93967925,0.021,979
CAGAAACTCGCGATA,10.93967925,0.02,980
CAGAATGCTCTAGGA,10.93967925,0.019,981
CAGACATGAAAGACC,10.93967925,0.018,982
CAGACGGTCACACGA,10.93967925,0.017,983
CAGAGGTTACTCGCT,10.93967925,0.016,984
CAGATACATGACGCT,10.93967925,0.015,985
CAGATGATGGCGTTG,10.93967925,0.014,986
CATAAAGAATCGTCA,10.93956123,0.013,987
CATAATCACACAGCT,10.93956123,0.012,988
CATACCGGAGCCGGC,10.93956123,0.011,989
CATAGCGTAATGTTG,10.93956123,0.01,990
CATATCACCTGAAGA,10.93956123,0.009,991
CATATTCACGTAGCA,10.93956123,0.008,992
CATATTTACAGGTTT,10.93956123,0.007,993
GTGTTACGGACAGTC,10.93945681,0.006,994
CACACTCAGCTTTGG,10.93723696,0.005,995
CACAGCCCATAATTT,10.93723696,0.004,996
GAGTGTGGTGGTCAC,10.93613013,0.003,997
GGGCACCGTCGAACG,10.93527074,0.002,998
ATAAAAGCCACTTAA,10.9352692,0.001,999
ATAAAGCCGGCCGAT,10.9352692,0,1000
