Sequence,Power
TTCTTCAGCCTGACA,0.992
TTCTCAGCGCCTTAC,0.987
TTCTCAGCCTATTTC,0.983
TTCTCAGCCTCTGTC,0.982
TTCTCAGCCTCTGGA,0.973
TTCTCAGCGCGCTTA,0.972
TTCTCAGCGCACTCC,0.968
TTCTCAGCCTGTACA,0.966
TTCTCAGCCTCATCG,0.962
TTCTCAGCCTGTATA,0.952
TTCTCAGCCTCAAAA,0.95
TTCTTCAGCCTGCAT,0.95
TTCTCAGCCTTCCTA,0.949
TTCTTCAGCACTGCG,0.948
TTCTCAGCGCGATCG,0.946
TTCTCAGCCTCATGC,0.946
TTCTTCAGCCTGGAT,0.945
TTCTCAGCGCGCTAC,0.942
TTCTCAGCCTGTCAT,0.94
TTCTCAGCGATGAGC,0.94
TTCTCAGCCTTAGGA,0.938
TTCTCAGCCTGCCCG,0.937
TTCTTCAGCCTGAAC,0.936
TTCTTCAGCCTCTGA,0.932
TTCTTCAGCTGCCCC,0.931
TTCTTCAGCGCGATC,0.931
TTCTCAGCTCCTCCG,0.931
TTCTCAGCCTCCCCG,0.929
TTCTCAGCCTATTGG,0.928
TTCTTCAGATCTGTT,0.924
TTCTCAGCCTAACCT,0.924
TTCTTCAGCGCGCCT,0.923
TTCTCAGCGATCCGA,0.923
TTCTCAGCGCCTCAA,0.922
TTCTCAGCCTTCTAC,0.922
TTCTTCAGCCGAGCC,0.916
TTCTCAGCCTCCTAG,0.916
TTCTCAGCTCTGCCG,0.915
TTCTTCAGCCTCTGG,0.915
TTCTTCAGCCTTCTC,0.913
TTCTTCAGATCTGCA,0.911
TTCTTCAGCCTGAAG,0.911
TTCTCAGCGATTCTC,0.909
TTCTTCAGCTGTATG,0.908
TTCTTCAGCTTTCCT,0.907
TTCTTCAGCCTCCGG,0.907
TTCTCAGCCTCCAAA,0.906
TTCTTCAGATCTCTC,0.905
TTCTTCAGCCTGACC,0.904
TTCTCAGCGCGACGG,0.903
TTCTCAGCCTGATAA,0.902
TTCTCAGCCTCTCTT,0.901
TTCTTCAGCACTAGA,0.9
TTCTTCAGCTCTCCC,0.899
TTCTCAGCGATGCCA,0.897
TTCTCAGCCTCCGAT,0.896
TTCTCAGCCTGAAGG,0.895
TTCTCAGCCTGAGCC,0.895
TTCTCAGCCTCCATC,0.894
TTCTCAGCCTGGGAT,0.893
TTCTCAGCGCTCGCT,0.892
TTCTTCAGATCCGAC,0.891
TTCTCAGCCTATTTT,0.89
TTCTTCAGCCTGCAG,0.89
TTCTTCAGCCTGGAC,0.889
TTCTTCAGCGCTCCT,0.888
TTCTCAGCCTGGAAC,0.888
TTCTCAGCCTGAGAA,0.888
TTCTTCAGCGACCTC,0.887
TTCTCAGCTCTGCCC,0.885
TTCTTCAGCCTCTGC,0.885
TTCTGAGCCTGCATA,0.884
TTCTTCAGCCTGCTC,0.884
TTCTTCAGCGCCTGC,0.884
TTCTCAGCCTGATAT,0.883
TTCTCAGCTGCCTGG,0.882
TTCTCAGCCTCCACC,0.882
TTCTCAGCGATGGCG,0.881
TTCTCAGCTCCTCAT,0.881
TTCTTCAGCCTGAGG,0.88
TTCTTCAGCCTGTAG,0.879
TTCTCAGCCTGCGCC,0.878
TTCTTCAGCGCGAAC,0.877
TTCTTCAGCACTAAA,0.876
TTCTCAGCCTGGGAG,0.875
TTCTTCAGCCTGCGT,0.875
TTCTTCAGCTTTTTG,0.875
TTCTTCAGCCTGGGA,0.875
TTCTTCAGCTCACCT,0.874
TTCTCAGCCTGCACG,0.874
TTCTTCAGCTCTCGG,0.874
TTCTCAGCGAGCGCC,0.873
TTCTTCAGCTCCCCG,0.873
TTCTCAGCCTCTGTA,0.873
TTCTTCAGCCTGATC,0.873
TTCTCAGCGATGCGG,0.872
TTCTCAGCCTGACCT,0.87
TTCTCAGCGACCCAT,0.867
TTCTTCAGCCTTACT,0.866
TTCTTCAGATCTCCT,0.865
TTCTCAGCCTCTCTG,0.865
TTCTTCAGCGCGGCT,0.864
TTCTCAGCGATCCTT,0.864
TTCTCAGCCTTAGGC,0.864
TTCTCAGCCTCTTAC,0.864
TTCTTCAGCCTGAGA,0.864
TTCTTCAGCGATTCC,0.863
TTCTGAGCGCCTGCA,0.862
TTCTCAGCCTGCCCC,0.862
TTCTTCAGCGAACGA,0.862
TTCTTCAGCGATCTG,0.862
TTCTTCAGCCTGCGG,0.862
TTCTTCAGCCTGTAC,0.862
TTCTTCAGCGACCCA,0.861
TTCTTCAGCTTTACT,0.861
TTCTCAGCCTGTAGG,0.859
TTCTCAGCCTCCGAA,0.859
TTCTTCAGATCTCTT,0.859
TTCTCAGCGCGACCG,0.858
TTCTTCAGATGCTGT,0.857
TTCTCAGCGATGGGC,0.857
TTCTCAGCCCCCTGA,0.857
TTCTTCAGATCTCCG,0.857
TTCTCAGCCTTGCCA,0.855
TTCTCAGCCTCTACA,0.855
TTCTCAGCCCCGCCT,0.853
TTCTCAGCTCTGACT,0.853
TTCTCAGCCTCTCTA,0.853
TTCTCAGCCTTAGCG,0.853
TTCTCAGCGCCTGCC,0.852
TTCTCAGCCTGCTCA,0.851
TTCTCAGCGACCAGA,0.851
TTCTTCAGCGACCGA,0.85
TTCTCAGCGCCTCTG,0.849
TTCTCAGCTCTCTGC,0.848
TTCTTCAGCCTCTTC,0.848
TTCTCAGCGCGATAG,0.847
TTCTTCAGCGCCTGA,0.847
TTCTTCAGCTCCCCC,0.846
TTCTTCAGCTTTTCC,0.845
TTCTCAGCGATTCGA,0.845
TTCTTCAGCTTTATC,0.844
TTCTCAGCGATGCAT,0.844
TTCTCAGCCTCTGCT,0.843
TTCTTCAGATCCTTC,0.843
TTCTTCAGCTCCCAC,0.843
TTCTCAGCGCTGGCT,0.842
TTCTTCAGCGAACCG,0.842
TTCTCAGCGACCGTC,0.842
TTCTTCAGCCTTCTA,0.841
TTCTCAGCGACCTCT,0.841
TTCTTCAGCTCGATC,0.841
TTCTTCAGCTCCCGA,0.84
TTCTTCAGCCTCTCT,0.84
TTCTTCAGCACTCAC,0.839
TTCTCAGCCTCTCCT,0.839
TTCTCAGCCTCTGCC,0.839
TTCTCAGCGCGCCCT,0.838
TTCTCAGCGCCTGGA,0.838
TTCTCAGCGCGAGAG,0.837
TTCTCAGCCTAAGCG,0.837
TTCTCAGCCTCTAGC,0.837
TTCTCAGCCTGAACC,0.836
TTCTCAGCGCCTGTA,0.836
TTCTTCAGCCTGGCC,0.835
TTCTCAGCCCCAGGA,0.834
TTCTTCAGCCTCTCA,0.834
TTCTCAGCGCATTGG,0.833
TTCTTCAGCCTGCCA,0.833
TTCTCAGCCTGAGTC,0.832
TTCTCAGCCTGACAT,0.832
TTCTCAGCCTGGATC,0.831
TTCTTCAGCCTGGAG,0.831
TTCTTCAGCCTGAAT,0.831
TTCTTCAGCTCTCTC,0.83
TTCTTCAGCGAAGCT,0.829
TTCTCAGCGCTGCAC,0.828
TTCTCAGCGACCGCC,0.828
TTCTCAGCTTCTAGC,0.827
TTCTCAGCGATCCAG,0.827
TTCTCAGCCTCCCAT,0.827
TTCTTCAGCGACCGG,0.827
TTCTTCAGCTCATCG,0.826
TTCTCAGCCTTCTGC,0.826
TTCTCAGCCTGCCCA,0.826
TTCTTCAGCCTGAGC,0.826
TTCTTCAGCGCGCAG,0.825
TTCTCAGCCTCTCCA,0.825
TTCTCAGCCTCTGAT,0.825
TTCTTCAGCCTCCGA,0.825
TTCTCAGCCTGTCGA,0.823
TTCTCAGCGACCTCC,0.823
TTCTCAGCCTGCCTA,0.823
TTCTCAGCGCCTCAT,0.823
TTCTTCAGCGACCGT,0.823
TTCTCAGCGCCGGAA,0.822
TTCTCAGCCTGAACT,0.821
TTCTCAGCTCTGGCT,0.82
TTCTCAGCCTCCTGA,0.819
TTCTCAGCGCGACCC,0.819
